{"cameraMode":{"drawMode":0,"name":"Shaded","section":"Shading Mode"},"sceneLighting":false,"audioPlay":false,"sceneViewState":{"showFog":false,"showMaterialUpdate":false,"showSkybox":false,"showFlares":false,"showImageEffects":true,"showParticleSystems":false},"in2DMode":false,"pivot":{"x":0.0,"y":1.1247444152832032,"z":0.19093012809753419},"rotation":{"x":-0.11033099889755249,"y":0.4788537323474884,"z":-0.06080465391278267,"w":-0.8688207864761353},"size":3.1725735664367677,"orthographic":false}