{"cameraMode":{"drawMode":0,"name":"Shaded","section":"Shading Mode"},"sceneLighting":false,"audioPlay":false,"sceneViewState":{"showFog":false,"showMaterialUpdate":false,"showSkybox":false,"showFlares":false,"showImageEffects":true,"showParticleSystems":false},"in2DMode":false,"pivot":{"x":-0.017995476722717286,"y":0.4411650598049164,"z":0.028833210468292238},"rotation":{"x":-0.16300910711288453,"y":0.02932702749967575,"z":-0.004843933507800102,"w":-0.9861886501312256},"size":0.8796008229255676,"orthographic":false}