{"cameraMode":{"drawMode":0,"name":"Shaded","section":"Shading Mode"},"sceneLighting":true,"audioPlay":false,"sceneViewState":{"showFog":false,"showMaterialUpdate":false,"showSkybox":true,"showFlares":false,"showImageEffects":true,"showParticleSystems":false},"in2DMode":false,"pivot":{"x":9.705655097961426,"y":-13.432498931884766,"z":32.92780685424805},"rotation":{"x":0.1609831005334854,"y":-0.015776649117469789,"z":0.004046962596476078,"w":0.986892819404602},"size":33.10258865356445,"orthographic":false}