{"cameraMode":{"drawMode":0,"name":"Shaded","section":"Shading Mode"},"sceneLighting":false,"audioPlay":false,"sceneViewState":{"showFog":false,"showMaterialUpdate":false,"showSkybox":false,"showFlares":false,"showImageEffects":true,"showParticleSystems":false},"in2DMode":false,"pivot":{"x":0.006671905517578125,"y":0.5069080591201782,"z":0.012191534042358399},"rotation":{"x":0.25544846057891848,"y":0.002591524738818407,"z":-0.0006813393556512892,"w":0.9668263792991638},"size":1.2654551267623902,"orthographic":false}