{"cameraMode":{"drawMode":0,"name":"Shaded","section":"Shading Mode"},"sceneLighting":false,"audioPlay":false,"sceneViewState":{"showFog":false,"showMaterialUpdate":false,"showSkybox":false,"showFlares":false,"showImageEffects":true,"showParticleSystems":false},"in2DMode":false,"pivot":{"x":-0.004375338554382324,"y":1.067880392074585,"z":-0.5838522911071777},"rotation":{"x":-0.16305361688137055,"y":-0.018025977537035943,"z":0.0029828757978975775,"w":-0.9864572286605835},"size":4.191380500793457,"orthographic":false}