{"cameraMode":{"drawMode":0,"name":"Shaded","section":"Shading Mode"},"sceneLighting":false,"audioPlay":false,"sceneViewState":{"showFog":false,"showMaterialUpdate":false,"showSkybox":false,"showFlares":false,"showImageEffects":true,"showParticleSystems":false},"in2DMode":false,"pivot":{"x":10.283647537231446,"y":3.4251694679260256,"z":40.9725341796875},"rotation":{"x":0.14367738366127015,"y":-0.7888548970222473,"z":0.20239056646823884,"w":0.5623216032981873},"size":25.553945541381837,"orthographic":false}