{"cameraMode":{"drawMode":0,"name":"Shaded","section":"Shading Mode"},"sceneLighting":false,"audioPlay":false,"sceneViewState":{"showFog":false,"showMaterialUpdate":false,"showSkybox":false,"showFlares":false,"showImageEffects":true,"showParticleSystems":false},"in2DMode":false,"pivot":{"x":-0.0011020377278327942,"y":-0.07319599390029907,"z":-0.010462135076522828},"rotation":{"x":-0.16305361688137055,"y":-0.018025977537035943,"z":0.0029828757978975775,"w":-0.9864572286605835},"size":0.8942887187004089,"orthographic":false}