{"cameraMode":{"drawMode":0,"name":"Shaded","section":"Shading Mode"},"sceneLighting":false,"audioPlay":false,"sceneViewState":{"showFog":false,"showMaterialUpdate":false,"showSkybox":false,"showFlares":false,"showImageEffects":true,"showParticleSystems":false},"in2DMode":false,"pivot":{"x":3.4620277881622316,"y":2.009242057800293,"z":-0.1793065071105957},"rotation":{"x":-0.10974688827991486,"y":-0.37500879168510439,"z":0.04478908330202103,"w":-0.9194426536560059},"size":2.9363741874694826,"orthographic":false}