{"cameraMode":{"drawMode":0,"name":"Shaded","section":"Shading Mode"},"sceneLighting":false,"audioPlay":false,"sceneViewState":{"showFog":false,"showMaterialUpdate":false,"showSkybox":false,"showFlares":false,"showImageEffects":true,"showParticleSystems":false},"in2DMode":false,"pivot":{"x":-0.11257791519165039,"y":0.6110405921936035,"z":1.0556409358978272},"rotation":{"x":0.15959127247333527,"y":0.3858858644962311,"z":-0.06643039733171463,"w":0.9062813520431519},"size":1.669149398803711,"orthographic":false}