{"cameraMode":{"drawMode":0,"name":"Shaded","section":"Shading Mode"},"sceneLighting":false,"audioPlay":false,"sceneViewState":{"showFog":false,"showMaterialUpdate":false,"showSkybox":false,"showFlares":false,"showImageEffects":true,"showParticleSystems":false},"in2DMode":false,"pivot":{"x":-0.005100905895233154,"y":1.1396996974945069,"z":-0.05692382901906967},"rotation":{"x":-0.27702924609184267,"y":0.02712310291826725,"z":-0.007808801252394915,"w":-0.960464358329773},"size":1.5934114456176758,"orthographic":false}