{"cameraMode":{"drawMode":0,"name":"Shaded","section":"Shading Mode"},"sceneLighting":false,"audioPlay":false,"sceneViewState":{"showFog":false,"showMaterialUpdate":false,"showSkybox":false,"showFlares":false,"showImageEffects":true,"showParticleSystems":false},"in2DMode":false,"pivot":{"x":-0.009744405746459961,"y":1.7814631462097169,"z":-0.07492423057556153},"rotation":{"x":-0.20132866501808167,"y":0.030586378648877145,"z":-0.006275495048612356,"w":-0.9790427088737488},"size":3.1190757751464845,"orthographic":false}